hospitalDrugCode,name,genericName,dosageForm,strength,unit,currentStock,packageSize,pricePerBox,expiryDate,category,notes
HERB204,ยาพอกเข่า,ยาพอกเข่า,APP,,,50,1,40.00,2026-7-22,MODERN,
1680017,Smofkabiven(Refer)1600Kcal,Smofkabiven(Refer)1600Kcal,BAG,1600,Kcal,28,1,1358.90,2026-9-30,MODERN,1600Kcal
204,เพชรสังฆาต,เพชรสังฆาต,CAP,,,31,100,65.00,2028-4-17,MODERN,
206,บำรุงโลหิต,บำรุงโลหิต,CAP,,,1,100,86.00,2027-11-28,MODERN,
218,เถาวัลย์เปรียง,เถาวัลย์เปรียง,CAP,500,mg,47,100,76.00,2028-5-2,MODERN,500 mg
226,ยาธาตุบรรจบ,ยาธาตุบรรจบ,CAP,,,10,100,80.00,2027-1-2,MODERN,
229,ตรีผลา,ตรีผลา,CAP,500,mg,30,100,78.00,2027-11-28,MODERN,500 mg
230,ปราบชมพูทวีป,ปราบชมพูทวีป,CAP,500,mg,5,100,78.00,2027-11-22,MODERN,500 mg
CAP179,Azithromycin,Azithromycin,CAP,250,mg,45,60,450.00,2028-3-20,MODERN,250 mg
CAP180,Gabapentin,Gabapentin,CAP,300,mg,31,100,203.30,2026-11-14,MODERN,300 mg
CAP181,Calciferol(Vit.D2),Calciferol(Vit.D2),CAP,20000,IU,2,500,1070.00,2028-2-14,MODERN,20000IU
CAP182,Progesterone,Progesterone,CAP,200,mg,20,15,298.53,2027-8-31,MODERN,200 mg
CAP183,Calcitriol(Vit.D3),Calcitriol(Vit.D3),CAP,0.25,mcg,20,100,300.00,2027-3-20,MODERN,0.25mcg
CAP188,Magnesium oxide,Magnesium oxide,CAP,140,mg,1,500,802.50,2028-10-20,MODERN,140 mg
CAP190,Hydroxyurea(Hydroxycarbamide),Hydroxyurea(Hydroxycarbamide),CAP,500,mg,2,100,1423.10,2026-4-30,MODERN,500 mg
HER015,สหัศธารา,สหัศธารา,CAP,500,mg,18,100,78.00,2028-6-27,MODERN,500 mg
HER016,ห้าราก,ห้าราก,CAP,,,2,100,78.00,2026-10-2,MODERN,
HER120,ประสะไพล,ประสะไพล,CAP,,,9,100,72.00,2028-3-12,MODERN,
Herb017,ธรณีสัณธะฆาต,ธรณีสัณธะฆาต,CAP,500,mg,2,100,78.00,2027-8-29,MODERN,500 mg
Herb019,ยาบำรุงน้ำนม ปลูกธาตุไฟ,ยาบำรุงน้ำนม ปลูกธาตุไฟ,CAP,100,gm,7,30,48.00,2027-11-28,MODERN,100 gm
TAB007,AMOXYcillin,AMOXYcillin,CAP,500,MG,14,500,535.00,2028-3-3,MODERN,500 MG
TAB023,MEFENAMIC acid,MEFENAMIC acid,CAP,250,mg,3,100,62.06,2025-12-28,MODERN,250 mg
TAB034,ClorazePATe,ClorazePATe,CAP,5,mg,22,500,321.00,2027-6-20,MODERN,5 mg
TAB038,CEPHALEXIN,CEPHALEXIN,CAP,500,mg,3,100,216.75,2028-3-14,MODERN,500 mg
TAB039,CEFIXIME,CEFIXIME,CAP,100,MG,33,100,1016.50,2027-3-27,MODERN,100 MG
TAB047,DOXYCYCLINE,DOXYCYCLINE,CAP,100,MG,13,500,320.00,2027-8-3,MODERN,100 MG
TAB060,Omeprazole,Omeprazole,CAP,20,mg,124,500,195.00,2026-7-31,MODERN,20 mg
TAB064,SENNA,SENNA,CAP,500,mg,15,100,65.00,2027-12-5,MODERN,500 mg
TAB078,ITRACONAZOLE,ITRACONAZOLE,CAP,100,MG,11,100,320.00,2027-10-16,MODERN,100 MG
TAB108,TRANEXAMIC,TRANEXAMIC,CAP,250,mg,1,500,1100.00,2027-6-6,MODERN,250 mg
TAB120,LITHIUM carbonate,LITHIUM carbonate,CAP,300,mg,5,500,909.50,2028-6-6,MODERN,300 mg
TAB139,TRAMADOL,TRAMADOL,CAP,50,mg,26,500,260.00,2028-3-21,MODERN,50 mg
TAB160,PHENYTOIN SODIUM,PHENYTOIN SODIUM,CAP,100,mg,30,100,329.56,2026-6-19,MODERN,100 mg
TAB164,DICLOXAcillin SODIUM,DICLOXAcillin SODIUM,CAP,250,mg,5,500,430.00,2028-6-4,MODERN,250 mg
TAB181,CLINDAMYCIN,CLINDAMYCIN,CAP,300,mg,13,100,260.00,2027-2-28,MODERN,300 mg
TAB201,มะระขี้นก,มะระขี้นก,CAP,500,mg,40,70,52.50,2028-2-19,MODERN,500 mg
TAB202,ใบฝรั่ง,ใบฝรั่ง,CAP,10,'S,125,10,8.00,2026-7-22,MODERN,10'S
TAB207,ฟ้าทะลายโจร,ฟ้าทะลายโจร,CAP,500,mg,162.6666667,60,36.00,2028-1-6,MODERN,500 mg
TAB222,Sodium Chloride,Sodium Chloride,CAP,300,mg,1,250,110.00,2027-2-18,MODERN,300 mg
TAB267,gabaPENTIN,gabaPENTIN,CAP,100,mg,247,100,94.16,2028-3-24,MODERN,100 mg
TAB282,Fenofibrate,Fenofibrate,CAP,200,miCRonized,4,300,585.00,2028-4-8,MODERN,200 miCRonized
TAB287,oseltamivir,oseltamivir,CAP,75,mg,5,250,6250.00,2029-5-21,MODERN,75 mg
TAB305,Rifampicin 450 mg,Rifampicin 450 mg,CAP,450,mg,3,100,670.00,2028-2-29,MODERN,450 mg
TAB310,Rifampicin,Rifampicin,CAP,300,mg,5,100,460.00,2028-1-27,MODERN,300 mg
TAB321,Cilostazol(Pletaal),Cilostazol(Pletaal),CAP,100,mg,3,30,930.90,2026-8-31,MODERN,100 mg
EXT010,CLOtrimazole,CLOtrimazole,CR,1,% 15 G,506,1,14.00,2028-1-22,MODERN,1 % 15 G
EXT013,ZINC OXIDE,ZINC OXIDE,CR,7.5,%,6,1,32.50,1930-3-17,MODERN,7.50%
EXT014,BETAmethasone,BETAmethasone,CR,0.1,% 5 G,265,1,8.56,2028-4-21,MODERN,0.1% 5 G
EXT016,triamcinolone 0.02,triamcinolone 0.02,CR,5,G,550,1,6.30,2029-4-28,MODERN,5 G
EXT017,TRIAMcinolone CR,TRIAMcinolone CR,CR,0.1,% 5 G,322,1,5.35,2028-4-8,MODERN,0.1% 5 G
EXT032,salicylic 3 % CR,salicylic 3 % CR,CR,50,g,5,1,95.00,2026-6-30,MODERN,50 g
EXT035,silver sulfadiazine,silver sulfadiazine,CR,25,G,61,1,23.00,2027-10-31,MODERN,25 G
EXT043,Silver sulfadiazine CReam,Silver sulfadiazine CReam,CR,450,g,1,1,290.00,2027-5-31,MODERN,450 g
EXT046,Clotrimazole1%(กระปุก),Clotrimazole1%(กระปุก),CR,450,g,10,1,247.00,2027-1-31,MODERN,450 g
HER126,ครีมไพล,ครีมไพล,CR,25,g,75,1,30.00,2026-7-31,MODERN,25 g
HER444,ครีมพญายอ,ครีมพญายอ,CR,5,g,14,1,14.00,2028-4-22,MODERN,5 g
SOL017,CHLORHEXIDINE OB CR(100g),CHLORHEXIDINE OB CR(100g),CR,1,%(20%w/v),19,1,250.00,2026-7-19,MODERN,1 %(20%w/v)
SYR003,haloperidol,haloperidol,DOP,2,mg/ml,20,1,30.00,2028-2-4,MODERN,2mg/ml
SYR021,simethicon drop 15 ml,simethicon drop 15 ml,DOP,40,mg/0.6ml,15,1,18.00,1930-3-3,MODERN,40 mg/0.6ml
ENE001,Enema Na Ph,Enema Na Ph,ENE,133,ml,560,1,27.82,2028-2-8,MODERN,133 ml
GEL001,Triamcinolone in ORAL,Triamcinolone in ORAL,GEL,0.1,%,236,1,3.00,2029-3-31,MODERN,0.1 %
GEL002,LUBRICATING,LUBRICATING,GEL,50,g,131,1,20.00,2028-6-25,MODERN,50 g
GEL003,Lubricating GELซอง(POSE-GEL),Lubricating GELซอง(POSE-GEL),GEL,5,g,280,1,4.25,2028-5-28,MODERN,5 g
HAN002,Tiotropium(Spiriva),Tiotropium(Spiriva),HAN,0.018,mg,35,30,499.69,2026-8-31,MODERN,0.018mg
IMP01,Etonogestrelยาคุมฝัง,Etonogestrelยาคุมฝัง,IMP,68,mg,10,1,1829.70,2029-5-31,MODERN,68 mg
1670065,Alteplase(Actilyse),Alteplase(Actilyse),INJ,50,ml,2,1,20865.00,2026-8-31,MODERN,50 ml
INJ004,OCTREOTIDE,OCTREOTIDE,INJ,500,mcg/5ml,40,1,642.00,2027-4-9,MODERN,500 mcg/5ml
INJ001,Vero Rabies Vaccine,Vero Rabies Vaccine,INJ,,,300,1,250.00,2027-6-11,MODERN,
INJ002,Dextrose,Dextrose,INJ,50,% 50 ml,164,1,15.00,2027-2-27,MODERN,50% 50 ml
INJ003,methylergometrine,methylergometrine,INJ,0.2,mg/ml,94,1,17.00,2027-9-10,MODERN,0.2mg/ml
INJ004,OXYtocin,OXYtocin,INJ,10,IU/ML,40,1,11.60,2028-4-1,MODERN,10 IU/ML
INJ005,SULPROSTONE,SULPROSTONE,INJ,500,mcg,3,3,2110.04,2026-2-8,MODERN,500 mcg
INJ006,medroxyprogesterone,medroxyprogesterone,INJ,150,mg/3ml,120,1,9.00,2028-2-22,MODERN,150mg/3ml
INJ007,KCL,KCL,INJ,20,mEq/10 ml,4,50,350.00,2026-9-30,MODERN,20 mEq/10 ml
INJ008,water for INJ,water for INJ,INJ,10,ml,21,100,250.00,2028-3-19,MODERN,10 ml
INJ009,Vit K1,Vit K1,INJ,1,mg,75,1,10.00,2026-9-10,MODERN,1 mg
INJ010,VIT PHYTOMENADIONE,VIT PHYTOMENADIONE,INJ,10,MG,100,1,18.00,2026-4-30,MODERN,10 MG
INJ011,VIT B COMPLEX,VIT B COMPLEX,INJ,,,140,1,4.00,2027-3-9,MODERN,
INJ013,magnesium,magnesium,INJ,50,% 2 ML,500,1,9.00,2029-2-28,MODERN,50 % 2 ML
INJ014,Diclofenac,Diclofenac,INJ,75,mg/3ml,49,1,4.20,2027-10-17,MODERN,75mg/3ml
INJ019,ERIG,ERIG,INJ,1000,IU/5ML,50,1,400.00,2026-11-30,MODERN,1000IU/5ML
INJ022,ACETYLCYSTEINE(3ml),ACETYLCYSTEINE(3ml),INJ,100,mg/ml,150,1,20.33,2029-6-30,MODERN,100 mg/ml
INJ024,metoclopramide,metoclopramide,INJ,10,mg,340,1,6.40,2029-5-26,MODERN,10 mg
INJ025,Omeprazole,Omeprazole,INJ,40,mg,590,1,12.20,2026-9-30,MODERN,40 mg
INJ026,Digoxin,Digoxin,INJ,0.25,mg/ml,10,1,30.00,2027-6-30,MODERN,0.25mg/ml
INJ027,furosemide,furosemide,INJ,20,mg/2 ml,397,1,6.42,2028-1-9,MODERN,20 mg/2 ml
INJ028,FurosemiDE HD,FurosemiDE HD,INJ,10,mg/ml,140,1,40.66,2028-2-12,MODERN,10mg/ml
INJ030,AMIODARONE,AMIODARONE,INJ,150,mg/3ml,300,1,70.00,2027-6-30,MODERN,150mg/3ml
INJ031,Atropine,Atropine,INJ,0.6,mg/ml,135,1,5.35,2027-10-18,MODERN,0.6mg/ml
INJ032,hydralazine..,hydralazine..,INJ,20,mg,80,1,241.82,2028-5-31,MODERN,20 mg
INJ033,Adrenaline,Adrenaline,INJ,1,mg/ml,594,1,6.00,2027-1-24,MODERN,1mg/ml
INJ034,DOPAMINE,DOPAMINE,INJ,250,mg/10 ml,136,1,35.31,2027-5-23,MODERN,250 mg/10 ml
INJ035,TRANEXAMIC,TRANEXAMIC,INJ,250,mg/5 ml,259,1,17.00,2026-8-31,MODERN,250 mg/5 ml
INJ036,terbutaline,terbutaline,INJ,0.5,mg/ml,60,1,8.56,2027-8-8,MODERN,0.5mg/ml
INJ037,diazepam,diazepam,INJ,10,mg/2ml,535,1,8.83,2028-3-18,MODERN,10mg/2ml
INJ038,Fluphenazine,Fluphenazine,INJ,25,mg/ml,103,1,26.00,2027-1-23,MODERN,25mg/ml
INJ039,haloperidol,haloperidol,INJ,5,mg/ml,100,1,9.72,2028-12-31,MODERN,5mg/ml
INJ040,EPHEDRINE,EPHEDRINE,INJ,30,mg/ml,37,1,12.50,2027-11-29,MODERN,30mg/ml
INJ041,CPM,CPM,INJ,10,mg/ml,493,1,4.57,2028-3-21,MODERN,10mg/ml
INJ042,DIMENhydrinate,DIMENhydrinate,INJ,50,mg/ml,250,1,4.00,2029-3-11,MODERN,50mg/ml
INJ043,AMPICILLIN,AMPICILLIN,INJ,1,G,700,1,15.48,2028-5-13,MODERN,1 G
INJ044,BENzathine PEN G,BENzathine PEN G,INJ,1.2,MU,18,1,60.00,2028-1-1,MODERN,1.2 MU
INJ045,HALOPERIDOL DEC,HALOPERIDOL DEC,INJ,50,mg/ml,55,1,63.00,2028-11-30,MODERN,50mg/ml
INJ046,Cloxacillin,Cloxacillin,INJ,1,G,238,1,16.50,2028-3-27,MODERN,1 G
INJ047,P G S,P G S,INJ,5,MU,130,1,32.00,2026-11-21,MODERN,5 MU
INJ048,AMOXY+CLAVULANIC A,AMOXY+CLAVULANIC A,INJ,1.2,G,220,1,35.31,2027-12-22,MODERN,1.2 G
INJ049,CEFAZOLIN,CEFAZOLIN,INJ,1,G,300,1,16.80,2028-5-19,MODERN,1 G
INJ050,CEFTRIAXONE,CEFTRIAXONE,INJ,1,G,6100,1,8.44,2026-9-13,MODERN,1G
INJ051,gentamycin,gentamycin,INJ,40,mg/ml,500,1,4.20,2027-5-27,MODERN,40mg/ml
INJ053,metronidazole,metronidazole,INJ,0.5,%W/V,510,1,15.50,2028-4-8,MODERN,0.5%W/V
INJ057,INSULIN MIXTARD(Biphasic IsopHANe Insulin),INSULIN MIXTARD(Biphasic IsopHANe Insulin),INJ,100,IU/ml,478,1,74.70,2027-8-31,MODERN,100 IU/ml
INJ058,NPH /INSULIN(IsopHANe),NPH /INSULIN(IsopHANe),INJ,100,IU/ML,130,1,75.00,2027-11-30,MODERN,100 IU/ML
INJ059,REGULAR/insulin,REGULAR/insulin,INJ,100,IU/ML,12,1,80.00,2027-6-30,MODERN,100 IU/ML
INJ060,DEXAMETHASONE,DEXAMETHASONE,INJ,4,mg/ml,1065,1,3.88,2028-2-27,MODERN,4mg/ml
INJ063,TRAMADOL,TRAMADOL,INJ,50,mg/ml,128,1,5.80,2028-4-1,MODERN,50 mg/ml
INJ064,PHENYTOIN,PHENYTOIN,INJ,50,mg/ml,160,1,98.00,2026-11-30,MODERN,50 mg/ml
INJ065,HYDROcortisone Na SUCCINATE,HYDROcortisone Na SUCCINATE,INJ,100,mg/2 ml,594,1,35.80,2028-3-31,MODERN,100 mg/2 ml
INJ066,T.A.,T.A.,INJ,10,mg/ml,40,1,14.00,2026-8-30,MODERN,10mg/ml
INJ070,CLINDAMYCIN,CLINDAMYCIN,INJ,600,mg/4ml,435,1,21.40,2029-3-5,MODERN,600 mg/4ml
INJ071,DEFEROXAMINE,DEFEROXAMINE,INJ,500,mg,10,10,1728.05,2026-8-31,MODERN,500 mg
INJ074,Ceftazidime,Ceftazidime,INJ,1,G,980,1,20.00,2028-5-29,MODERN,1 G
INJ111,CALCIUM Gluconate,CALCIUM Gluconate,INJ,10,%W/V,80,1,14.98,2029-10-1,MODERN,10%W/V
INJ112,MAGNESIUM,MAGNESIUM,INJ,10,% 10 ML,70,1,10.00,2027-11-9,MODERN,10 % 10 ML
INJ114,KETAMINE,KETAMINE,INJ,10,ml,10,1,210.00,2026-11-30,MODERN,10 ml
INJ115,THIOPENTONE,THIOPENTONE,INJ,1,G,10,1,150.00,2027-2-28,MODERN,1 G
INJ117,BUPIVACAINE Spainal Heavy,BUPIVACAINE Spainal Heavy,INJ,0.5,% 4 ml,6,5,720.11,2027-5-31,MODERN,0.5 % 4 ml
INJ118,LIDOCAINE,LIDOCAINE,INJ,2,% 50 ML,79,1,33.17,2028-6-1,MODERN,2 % 50 ML
INJ120,hyoscine Br,hyoscine Br,INJ,20,mg/ml,459,1,10.25,2027-2-10,MODERN,20mg/ml
INJ150,neostigmine,neostigmine,INJ,2.5,mg/ml,35,1,20.00,2027-12-3,MODERN,2.5mg/ml
INJ152,FENTANYL 50mcg/ml,FENTANYL 50mcg/ml,INJ,2,ml,1671,1,16.00,2027-11-27,MODERN,2 ml
INJ155,morphine,morphine,INJ,10,mg/ml,569,1,7.50,2027-6-4,MODERN,10mg/ml
INJ170,PETHIDINE,PETHIDINE,INJ,50,mg/ml,157,1,8.00,2026-6-11,MODERN,50mg/ml
INJ175,naloxone,naloxone,INJ,0.4,mg/ml,16,1,203.00,2025-10-31,MODERN,0.4mg/ml
INJ176,propofol1%(20ml),propofol1%(20ml),INJ,10,mg/ml,557,1,64.00,2027-3-31,MODERN,10mg/ml
INJ177,2-PAM,2-PAM,INJ,1,g,2,1,750.00,2026-9-30,MODERN,1 g
INJ178,Sodium Bicar 7.5 %,Sodium Bicar 7.5 %,INJ,3.75,g/50ml,180,1,33.00,2029-4-1,MODERN,3.75g/50ml
INJ180,Suxamethoium CL,Suxamethoium CL,INJ,500,mg,20,1,167.00,2027-2-28,MODERN,500 mg
INJ191,Vancomycin,Vancomycin,INJ,500,MG,210,1,45.00,2026-4-30,MODERN,500 MG
INJ192,Cefotaxime,Cefotaxime,INJ,1,G,50,1,20.97,2028-1-24,MODERN,1 G
INJ201,AMPHOTERICIN-B,AMPHOTERICIN-B,INJ,50,mg,25,1,158.36,2026-10-31,MODERN,50 mg
INJ202,midazolam,midazolam,INJ,5,mg/ml/amp,888,1,15.00,2026-12-9,MODERN,5mg/ml/amp
INJ203,StreptokiNASe,StreptokiNASe,INJ,1.5,MU,1,1,5400.00,2025-11-30,MODERN,1.5 MU
INJ204,Fluanxol Depot,Fluanxol Depot,INJ,40,mg/2ml,15,1,203.30,2028-12-31,MODERN,40mg/2ml
INJ205,Enoxaparin NA,Enoxaparin NA,INJ,6000,IU/0.6ml,75,2,331.70,2026-11-30,MODERN,6000 IU/0.6ml
INJ207,Ciprofloxacin,Ciprofloxacin,INJ,400,mg/200ml,130,1,117.70,2028-4-27,MODERN,400mg/200ml
INJ208,Meropenem,Meropenem,INJ,1,g,60,10,1067.86,2028-2-5,MODERN,1 g
INJ209,Piperacillin + Tazobactam,Piperacillin + Tazobactam,INJ,4.5,g,740,1,58.85,2028-1-31,MODERN,4.5 g
INJ210,Norepinephrine,Norepinephrine,INJ,1,mg/ml,46,5,144.45,2026-11-30,MODERN,1 mg/ml
INJ213,Hydroxyprogesterone,Hydroxyprogesterone,INJ,250,mg/20ml,8,1,82.39,2025-9-10,MODERN,250mg/20ml
INJ214,Streptomycin,Streptomycin,INJ,1,g,30,1,23.00,2028-11-12,MODERN,1 g
INJ216,Cisatracurium besilate(Nimbex)5 ml,Cisatracurium besilate(Nimbex)5 ml,INJ,2,mg/ml,12,5,618.25,2026-8-31,MODERN,2mg/ml
INJ217,Nitroglycerin,Nitroglycerin,INJ,50,mg,10,1,150.00,2027-1-31,MODERN,50 mg
INJ219,Heparin,Heparin,INJ,5000,IU,9,1,187.25,2026-6-6,MODERN,5000IU
INJ220,Levofloxacin INJ,Levofloxacin INJ,INJ,750,mg/150ml,40,1,288.90,2028-9-9,MODERN,750mg/150ml
INJ222,HBIG,HBIG,INJ,180,IU,1,1,2700.00,2026-10-31,MODERN,180 IU
INJ224,Human tetanus immunoglobulin(TIG)/Tetanus Gamma,Human tetanus immunoglobulin(TIG)/Tetanus Gamma,INJ,250,IU/ml,1,1,640.00,2026-9-30,MODERN,250 IU/ml
INJ226,Amikacin,Amikacin,INJ,500,mg,150,1,24.61,2027-10-16,MODERN,500 mg
INJ227,Colistimethate,Colistimethate,INJ,150,mg,225,1,142.00,2027-8-20,MODERN,150 mg
INJ228,Cefoxitin,Cefoxitin,INJ,1,G,50,1,97.37,2026-12-3,MODERN,1 G
INJ229,Fosfomycin,Fosfomycin,INJ,4,g,100,1,357.81,2026-7-8,MODERN,4 g
INJ230,Ertapenem,Ertapenem,INJ,1,g,20,1,935.18,2026-2-3,MODERN,1 g
INJ231,Ferric hydroxide suCRose(5ml),Ferric hydroxide suCRose(5ml),INJ,20,mg/ml,4,5,802.05,2028-1-5,MODERN,20mg/ml
INJ232,dT(Diphtheria+Tatanus),dT(Diphtheria+Tatanus),INJ,,,104,1,120.00,2027-5-31,MODERN,
INJ233,Cefoperazone+Sulbactam,Cefoperazone+Sulbactam,INJ,0.5,g+0.5g,300,1,63.13,2027-1-3,MODERN,0.5g+0.5g
INJ234,Dobutamine50mg/ml,Dobutamine50mg/ml,INJ,5,ml,40,1,149.80,2028-10-31,MODERN,5 ml
INJ235,Lidocaine HCL(Preservative free),Lidocaine HCL(Preservative free),INJ,2,%w/v 10ml,9,1,43.87,2026-5-9,MODERN,2%w/v 10ml
INJ240,Bupivacaine 0.5% Polyamp,Bupivacaine 0.5% Polyamp,INJ,10,ml,6,5,504.72,2026-8-31,MODERN,10 ml
INJ242,Co-trimoxazole INJ (5ml),Co-trimoxazole INJ (5ml),INJ,80,/400,220,1,27.24,2028-11-26,MODERN,80/400
INJ244,Penfill Mixed insulin,Penfill Mixed insulin,INJ,100,IU(3ml),615,1,78.00,2027-9-30,MODERN,100 IU(3ml)
INJ245,Pantoprazole,Pantoprazole,INJ,40,mg,450,1,42.83,2027-3-31,MODERN,40 mg
INJ248,Dipotassium phosphate(20ml),Dipotassium phosphate(20ml),INJ,20,mEq,80,1,62.06,2026-11-13,MODERN,20 mEq
INJ249,Glyceol INJ.10%(Glycerin fructose&sodium chloride),Glyceol INJ.10%(Glycerin fructose&sodium chloride),INJ,500,ml,78,1,288.90,2027-9-5,MODERN,500 ml
INJ250,HyperCRit,HyperCRit,INJ,4000,IU,90,1,321.00,2027-7-31,MODERN,4000 IU
INJ251,Imipenem+Cilastatin,Imipenem+Cilastatin,INJ,500,mg+500mg,20,1,139.10,2026-2-6,MODERN,500 mg+500mg
INJ252,EPIAO(Erythropoietin Alfa),EPIAO(Erythropoietin Alfa),INJ,4000,IU/ml,9,10,1572.90,2027-1-15,MODERN,4000 IU/ml
INJ253,HEMAX(Epoetin alfa),HEMAX(Epoetin alfa),INJ,4000,IU,50,1,321.00,2027-9-30,MODERN,4000 IU
INJ255,Espogen(rh Erythropoietin),Espogen(rh Erythropoietin),INJ,4000,IU/ml,90,1,179.76,2027-3-18,MODERN,4000 IU/ml
INJ256,NICARDIPINE(ใหญ่),NICARDIPINE(ใหญ่),INJ,10,mg/10ml,26,10,799.29,2026-8-13,MODERN,10mg/10ml
INJ257,Esmolol HCL INJ,Esmolol HCL INJ,INJ,100,mg/10ml,8,1,350.00,2025-12-13,MODERN,100 mg/10ml
INJ259,bupivacaine SP (ISO) 4 ml,bupivacaine SP (ISO) 4 ml,INJ,5,mg/ml,8,5,576.05,2027-1-31,MODERN,5mg/ml
INJ260,Mannitol20%,Mannitol20%,INJ,100,ml,248,1,45.00,2026-11-30,MODERN,100 ml
INJ264,Sodium valproate INJ,Sodium valproate INJ,INJ,400,mg/4ml,10,1,274.00,2027-4-4,MODERN,400 mg/4ml
LVP013,D 5 W 100 ml,D 5 W 100 ml,INJ,,,143,1,12.00,1930-3-27,MODERN,
LVP014,NSS 0.9 % sodium CL,NSS 0.9 % sodium CL,INJ,5,ml,46,50,100.00,2027-8-31,MODERN,5 ml
LVP023,Lactated Ringer's INJection(LRI),Lactated Ringer's INJection(LRI),INJ,1000,ml,60,1,37.00,2026-9-13,MODERN,1000 ml
TAB279,Ondansetron,Ondansetron,INJ,8,mg/4ml,500,1,11.00,2026-4-15,MODERN,8mg/4ml
TAB285,Acyclovir,Acyclovir,INJ,250,mg,160,1,129.00,2026-12-31,MODERN,250 mg
SUS004,HYOSCINE,HYOSCINE,LIQ,5,mg/5 ml,108,1,11.80,2029-3-14,MODERN,5 mg/5 ml
SOL019,Benzyl benzoate,Benzyl benzoate,LOT,25,% 60 ml,15,1,18.00,2027-11-7,MODERN,25 % 60 ml
SOL122,CALAMINE,CALAMINE,LOT,60,ml,293,1,14.98,2029-3-6,MODERN,60 ml
LVP001,D 10 W,D 10 W,LVP,1000,ml,28,1,33.00,2028-12-23,MODERN,1000 ml
LVP002,D 5 S,D 5 S,LVP,1000,ML,10,1,26.00,1930-5-16,MODERN,1000 ML
LVP003,D 5 N/2,D 5 N/2,LVP,1000,ml,659,1,25.09,1930-2-3,MODERN,1000 ml
LVP006,D 5 W,D 5 W,LVP,500,ml,515,1,24.00,1930-1-12,MODERN,500 ml
LVP008,0.9 nss,0.9 nss,LVP,100,ml,4951,1,12.00,1930-6-11,MODERN,100 ml
LVP009,NSS,NSS,LVP,1000,ML,490,1,26.00,1930-6-11,MODERN,1000 ML
LVP011,DEXTRAN 40 in NSS,DEXTRAN 40 in NSS,LVP,500,ml,5,1,424.79,2026-12-10,MODERN,500 ml
LVP015,D 5N/3,D 5N/3,LVP,1000,ml,130,1,26.00,2029-10-28,MODERN,1000 ml
LVP020,D5 N/5,D5 N/5,LVP,1000,ml,20,1,26.00,2028-7-24,MODERN,1000 ml
LVP024,NSS/2(1000ml),NSS/2(1000ml),LVP,1000,ml,80,1,26.00,2029-10-1,MODERN,1000 ml
MDI001,BUDESONIDE,BUDESONIDE,MDI,200,mcg,208,1,69.55,2027-3-20,MODERN,200 mcg
MDI002,BERODUAL,BERODUAL,MDI,0.02,+0.05mg/dos,193,1,104.86,2027-6-6,MODERN,0.02+0.05mg/dos
MDI003,salbutamol,salbutamol,MDI,100,mcg,156,1,42.80,2027-2-19,MODERN,100 mcg
MDI007,Salmeterol+Fluticasone,Salmeterol+Fluticasone,MDI,25,/125mcg,544,1,118.77,2026-12-12,MODERN,25/125mcg
MIX001,M.carminative,M.carminative,MIX,180,ml,398,1,16.05,2028-1-7,MODERN,180 ml
NAS002,Fluticasone(Avamys)0.05%,Fluticasone(Avamys)0.05%,NAS,27.5,mcg,158,1,228.98,2028-2-11,MODERN,27.5 mcg
SOL004,IPRATOPIUM+fenoterol,IPRATOPIUM+fenoterol,NB,0.5,+1.25 mg,164,21,117.70,2028-1-29,MODERN,0.5+1.25 mg
EXT005,OXYTETRACYCLINE,OXYTETRACYCLINE,OIN,3.5,g,1,144,2182.80,2029-8-31,MODERN,3.5 g
EXT012,VASELINE,VASELINE,OIN,450,G,5,1,218.28,2027-4-2,MODERN,450 G
EXT042,Mupirocin OINtment 5g,Mupirocin OINtment 5g,OIN,20,mg,50,1,25.00,2027-1-30,MODERN,20 mg
PAT001,Fentanyl PATch,Fentanyl PATch,PAT,25,mcg/hr,43,1,58.00,2026-9-30,MODERN,25mcg/hr
201,ยาชงขิง,ยาชงขิง,POW,,,20,10,20.00,2028-2-2,MODERN,
HER014,ชาชงหญ้าดอกขาว,ชาชงหญ้าดอกขาว,POW,,,149,1,23.50,2027-3-18,MODERN,
INJ243,Parecoxib INJ(DyNAStat),Parecoxib INJ(DyNAStat),POW,40,mg,22,5,969.42,2027-4-30,MODERN,40 mg
PWD004,ORS(BLHUA),ORS(BLHUA),POW,5.532,g,75,50,64.73,2028-7-10,MODERN,5.532 g
HER010,ลูกประคบไพล,ลูกประคบไพล,PWD,,,425,1,46.12,2026-7-22,MODERN,
PWD002,CALCIUM polystyrene sulfonate,CALCIUM polystyrene sulfonate,PWD,5,g*100,4,100,620.60,2027-11-28,MODERN,5g*100
PWD003,CHARCOAL,CHARCOAL,PWD,5,g*25,4,25,347.75,2028-6-13,MODERN,5g*25
PWD005,PEG (Niflec),PEG (Niflec),PWD,137.155,g,240,1,374.50,2027-1-13,MODERN,137.155 g
796205,Dioctahedral smectite,Dioctahedral smectite,SAC,3,g,60,1,28.00,2028-3-31,MODERN,3 g
Eli001,potas Elixir 60 ml,potas Elixir 60 ml,SOL,500,mg/5 ml,50,1,13.99,2027-5-29,MODERN,500 mg/5 ml
Eli003,ONPS(Oral Natural Phosphate SOL),ONPS(Oral Natural Phosphate SOL),SOL,90,ml,47,1,20.00,2025-12-9,MODERN,90 ml
EXE002,enema 10 ml,enema 10 ml,SOL,,,5,10,65.00,2027-12-17,MODERN,
EXT003,CHLORAMphenicol EAR drop,CHLORAMphenicol EAR drop,SOL,1,% 10 ml,190,1,22.00,2026-9-18,MODERN,1 % 10 ml
EXT004,NEOPOLYCIN EYE drop,NEOPOLYCIN EYE drop,SOL,2,+5000+0.025,168,1,17.56,2028-4-22,MODERN,2+5000+0.025
EXT006,HISTA-OPHสูตร(Tetrahydrozoline HCl+Antazoline HCl),HISTA-OPHสูตร(Tetrahydrozoline HCl+Antazoline HCl),SOL,0.4,+0.5 mg,406,1,15.10,2028-6-25,MODERN,0.4+0.5 mg
EXT007,TETRACAINE,TETRACAINE,SOL,0.5,% 15 ml,5,1,168.61,2026-8-31,MODERN,0.5% 15 ml
EXT021,Spersadex (สูตร ),Spersadex (สูตร ),SOL,10,ml,12,1,53.50,2026-8-27,MODERN,10 ml
EXT026,LIDOCAINE viscos USP2%(100ml),LIDOCAINE viscos USP2%(100ml),SOL,20,mg/ml,17,1,220.00,2027-10-31,MODERN,20mg/ml
EXT030,Tar shampoo,Tar shampoo,SOL,120,ml,90,1,72.00,2026-11-30,MODERN,120 ml
EXT036,Docusate sodium,Docusate sodium,SOL,15,ml,28,1,47.08,2027-1-28,MODERN,15 ml
EXT041,TCA30%,TCA30%,SOL,30,ml,1,1,40.00,2026-4-23,MODERN,30 ml
EXT045,PoDOPhyllin Paint,PoDOPhyllin Paint,SOL,25,% (15ml),1,1,280.00,2026-1-10,MODERN,25% (15ml)
INJ223,Sodium chloride,Sodium chloride,SOL,3,%(500ml),130,1,30.40,2028-6-10,MODERN,3%(500ml)
LVP012,ACETAR,ACETAR,SOL,1000,ml,170,1,40.00,1930-7-5,MODERN,1000 ml
LVP017,Voluven,Voluven,SOL,500,ml,5,1,567.10,2026-12-19,MODERN,500 ml
LVP018,D10N/2,D10N/2,SOL,1000,,160,1,33.00,1930-1-17,MODERN,1000
LVP022,Sterile water for INJ,Sterile water for INJ,SOL,1000,ml,491,1,26.00,1930-4-1,MODERN,1000 ml
NAS003,Oxymetazoline NASal drops,Oxymetazoline NASal drops,SOL,0.03,%,20,1,31.62,2028-1-4,MODERN,0.03%
SOL138,ALCOGOL GEL 450 ml vej,ALCOGOL GEL 450 ml vej,SOL,450,ml,85,1,41.00,2028-6-8,MODERN,450 ml
SOL001,NORMAL SALINE(Irrigation),NORMAL SALINE(Irrigation),SOL,1000,ML,396,1,25.00,1930-5-31,MODERN,1000 ML
SOL002,STERILE WATER(Irrigation),STERILE WATER(Irrigation),SOL,1000,ML,290,1,25.00,1930-7-10,MODERN,1000 ML
SOL005,salbutamo,salbutamo,SOL,0.5,% 20ml,76,1,50.00,2027-1-14,MODERN,0.5 % 20ml
SOL006,AMMONIA,AMMONIA,SOL,450,ml,11,1,119.84,2026-11-28,MODERN,450 ml
SOL007,alcohol 70 %,alcohol 70 %,SOL,450,ml,331,1,27.82,2028-5-9,MODERN,450 ml
SOL008,ALCOHOL 60 ml,ALCOHOL 60 ml,SOL,70,%,573,1,7.49,2028-3-26,MODERN,70 %
SOL010,chlor-HEXIDINE,chlor-HEXIDINE,SOL,4,%5Lit,14,1,577.80,2028-3-7,MODERN,4 %5Lit
SOL011,FORMALDEHYDE,FORMALDEHYDE,SOL,38,%/450ml,12,1,32.10,1930-2-13,MODERN,38 %/450ml
SOL012,HYDROGEN peroxide,HYDROGEN peroxide,SOL,20,V/450ml,3,1,26.75,2027-3-11,MODERN,20 V/450ml
SOL013,POVIDONE IODINE,POVIDONE IODINE,SOL,10,% 450 ml,2,1,99.00,1930-6-20,MODERN,10 % 450 ml
SOL022,sodium phosphates-Swiff,sodium phosphates-Swiff,SOL,45,ml,186,1,34.24,2028-1-20,MODERN,45 ml
SOL125,SMW,SMW,SOL,95,ml,17,1,16.05,2028-5-9,MODERN,95 ml
SOL126,M.Potassium citrate,M.Potassium citrate,SOL,1000,ml,15,1,35.00,2026-2-21,MODERN,1000 ml
SOL128,Morphine sulfate,Morphine sulfate,SOL,10,mg/5ml,124,1,50.00,2026-10-16,MODERN,10 mg/5ml
SOL129,Chlorhexidine 0.12%(C-20),Chlorhexidine 0.12%(C-20),SOL,0.12,% 180 ml,229,1,24.61,2029-3-21,MODERN,0.12% 180 ml
SOL131,Lugol SOLution,Lugol SOLution,SOL,,,3,1,27.50,2027-2-28,MODERN,
SOL132,Alcohol95%,Alcohol95%,SOL,450,ml,36,1,95.00,2029-10-21,MODERN,450 ml
SOL021,Sevorane,Sevorane,SOL,250,,1,1,3638.00,2027-11-18,MODERN,250
SOL023,Chlorhexidine2% in Alcohol(120ml),Chlorhexidine2% in Alcohol(120ml),SOL,20,mg+alc0.7ml,89,1,75.00,2028-5-27,MODERN,20 mg+alc0.7ml
SYR037,Levetiracitam SOL. 300 ml,Levetiracitam SOL. 300 ml,SOL,100,mg/ml,9,1,1500.00,2026-10-7,MODERN,100 mg/ml
SPR001,Lidocaine 10 %,Lidocaine 10 %,SPR,50,ml,11,1,250.00,2027-1-15,MODERN,50 ml
SUP001,Hydrocortsone+ZnO+Benzocaine,Hydrocortsone+ZnO+Benzocaine,SUP,,,11,10,50.00,2028-5-7,MODERN,
SUP002,Paracetamol SUPpo,Paracetamol SUPpo,SUP,250,mg,1,100,642.00,2026-2-28,MODERN,250mg
NEB001,Pulmicort nebuliser SUSp.,Pulmicort nebuliser SUSp.,SUS,1,mg/2ml,44,20,854.93,2026-6-30,MODERN,1mg/2ml
SUS001,ALBENdazole,ALBENdazole,SUS,100,mg/5ml,1,1,9.00,2027-8-2,MODERN,100mg/5ml
SUS002,ibuprofen,ibuprofen,SUS,100,mg/5 ml,100,1,15.00,2028-5-7,MODERN,100 mg/5 ml
SUS003,DOMPERIDONE,DOMPERIDONE,SUS,5,mg/ml,239,1,5.90,2028-5-13,MODERN,5 mg/ml
SUS006,MOM,MOM,SUS,240,ml,88,1,29.96,2028-4-24,MODERN,240 ml
SUS007,antacid SUSp,antacid SUSp,SUS,,,308,1,17.12,2028-6-27,MODERN,
SUS009,NYSTATIN(12ml),NYSTATIN(12ml),SUS,100,/000IU/1ml,52,1,25.00,2028-11-21,MODERN,100/000IU/1ml
SUS010,CO-trimoxazole,CO-trimoxazole,SUS,200,+40mg/5ml,14,1,11.00,2027-3-29,MODERN,200+40mg/5ml
SUS013,Azithromycin SUSp.,Azithromycin SUSp.,SUS,200,mg/5ml,180,1,90.95,2028-2-21,MODERN,200mg/5ml
SUS028,amoxicillin+clavulanic,amoxicillin+clavulanic,SUS,457,mg/5ml,120,1,68.48,2026-11-7,MODERN,457mg/5ml
950605,Berclomine,Berclomine,SYR,dicy5+simethi50,,100,1,16.00,2027-6-4,MODERN,dicy5+simethi50
DRO001,Paracetamol drop,Paracetamol drop,SYR,60,mg/0.6ml,51,1,18.00,1930-1-15,MODERN,60mg/0.6ml
Herb025,ยาน้ำมะขามป้อม (120ml),ยาน้ำมะขามป้อม (120ml),SYR,400,gm,262,1,14.80,2027-5-11,MODERN,400gm
SUS005,LACTULOSE,LACTULOSE,SYR,100,ml,165,1,38.52,2028-1-15,MODERN,100 ml
SYR001,salbutamol,salbutamol,SYR,2,mg/5ml,147,1,8.56,2027-1-10,MODERN,2mg/5ml
SYR002,CHLORpheniramine,CHLORpheniramine,SYR,2.5,mg/5ml,359,1,6.32,2027-3-11,MODERN,2.5 mg/5ml
SYR004,DICLOXAcillin sodium,DICLOXAcillin sodium,SYR,62.5,mg/5ml,270,1,18.30,2027-5-20,MODERN,62.5mg/5ml
SYR005,amoxycillin,amoxycillin,SYR,125,mg/5ml,399,1,11.00,2028-4-17,MODERN,125mg/5ml
SYR007,SODIUM valproate 60 ml,SODIUM valproate 60 ml,SYR,200,mg/ml,70,1,100.00,2028-3-17,MODERN,200 mg/ml
SYR009,ERYTHROMYCIN estolate,ERYTHROMYCIN estolate,SYR,125,mg/5 ml,40,1,18.00,2027-11-15,MODERN,125 mg/5 ml
SYR012,VITAMIN_multi,VITAMIN_multi,SYR,,,90,1,11.00,2026-11-4,MODERN,
SYR013,ferrous FUMARATE,ferrous FUMARATE,SYR,15,mg/0.6ml,171,1,28.89,2028-5-8,MODERN,15mg/0.6ml
SYR014,guaifenesin,guaifenesin,SYR,60,ml,633,1,12.00,2028-2-21,MODERN,60 ml
SYR033,CARBAMAZEPINE 100MG/5ML,CARBAMAZEPINE 100MG/5ML,SYR,2,% 250 ML,1,1,189.39,2027-8-31,MODERN,2% 250 ML
SYR035,Carbocysteine SYR100mg/5ml,Carbocysteine SYR100mg/5ml,SYR,60,ml,350,1,12.00,2028-3-21,MODERN,60ml
SYR036,Cephalexin SYR.60ml,Cephalexin SYR.60ml,SYR,125,mg,20,1,18.19,2026-8-30,MODERN,125mg
SYR038,Chloral hydrate(30ml),Chloral hydrate(30ml),SYR,40,mg/ml,2,1,120.00,2025-10-14,MODERN,40 mg/ml
1670056,Ursodeoxycholic acid,Ursodeoxycholic acid,TAB,250,mg,2,100,650.00,2028-5-10,MODERN,250 mg
1670072,clarithromycin,clarithromycin,TAB,500,mg,7,100,900.00,2027-4-29,MODERN,500 mg
1680005,Rivaroxaban 20 mg,Rivaroxaban 20 mg,TAB,20,mg,10,100,5542.60,2027-4-30,MODERN,20 mg
208,ยาหอมนวโกฐ,ยาหอมนวโกฐ,TAB,,,15,100,50.00,2028-3-16,MODERN,
360767,LIVIAL (tibolone 2.5 mg),LIVIAL (tibolone 2.5 mg),TAB,,,2,28,603.48,2026-3-31,MODERN,
651995,Rivaroxaban 15 mg,Rivaroxaban 15 mg,TAB,,,1,100,4387.00,2027-1-31,MODERN,
EXT001,CLOTRIMAZOLE vaginal,CLOTRIMAZOLE vaginal,TAB,100,mg,57,6,10.00,2029-1-9,MODERN,100 mg
Herb020,ยาหอมอินทจักร์,ยาหอมอินทจักร์,TAB,200,mg,5,75,45.00,2027-8-25,MODERN,200mg
TAB018,COLCHICINE,COLCHICINE,TAB,0.6,mg,113,500,135.00,2028-5-27,MODERN,0.6 mg
TAB002,THIAMINE,THIAMINE,TAB,100,MG,11,1000,200.00,2028-3-5,MODERN,100 MG
TAB004,PYRIDOXINE ( B6 ),PYRIDOXINE ( B6 ),TAB,100,mg,1,500,400.00,2028-1-22,MODERN,100 mg
TAB011,Clozapine,Clozapine,TAB,25,mg,40,100,70.00,2028-2-26,MODERN,25 mg
TAB012,Hydralazine,Hydralazine,TAB,25,mg,112,500,148.00,2027-6-25,MODERN,25 mg
TAB014,ALBENDAZOLE,ALBENDAZOLE,TAB,200,mg,7,100,165.00,2027-12-10,MODERN,200 mg
TAB016,NICLOSAMIDE,NICLOSAMIDE,TAB,500,mg,58,4,6.00,2027-11-4,MODERN,500 mg
TAB017,PRAZIQUANTEL,PRAZIQUANTEL,TAB,600,mg,3,100,500.00,2028-5-23,MODERN,600 mg
TAB018,ALLOPURINOL,ALLOPURINOL,TAB,100,mg,70,500,162.00,2028-6-13,MODERN,100 mg
TAB019,DICLOFENAC,DICLOFENAC,TAB,25,mg,26,1000,117.70,2028-1-10,MODERN,25 mg
TAB028,ALPRAzolam,ALPRAzolam,TAB,0.5,mg,40,100,65.00,2027-10-24,MODERN,0.5 mg
TAB030,CLONAZEPAM,CLONAZEPAM,TAB,0.5,,10,500,200.00,2028-12-26,MODERN,0.5
TAB031,CLONAZEPAM,CLONAZEPAM,TAB,2,mg,11,500,380.00,2028-9-27,MODERN,2 mg
TAB032,Diazepam,Diazepam,TAB,2,mg,18,500,85.60,2027-11-22,MODERN,2 mg
TAB033,DIAZEPAM,DIAZEPAM,TAB,5,mg,8,1000,246.10,2028-1-27,MODERN,5 mg
TAB035,LORAZEPAM,LORAZEPAM,TAB,0.5,mg,1,1000,220.00,2027-3-7,MODERN,0.5 mg
TAB037,Chlorpromazine,Chlorpromazine,TAB,25,mg,2,1000,250.00,2028-3-17,MODERN,25 mg
TAB040,CLOZAPINE..,CLOZAPINE..,TAB,100,mg,4,500,730.00,2028-12-11,MODERN,100 mg
TAB041,Haloperidol,Haloperidol,TAB,0.5,mg,3,1000,180.00,2029-5-9,MODERN,0.5 mg
TAB042,HALOPERIDOL,HALOPERIDOL,TAB,2,mg,4,1000,450.00,2028-6-7,MODERN,2 mg
TAB043,HaloperiDOL,HaloperiDOL,TAB,5,mg,3,1000,700.00,2027-11-1,MODERN,5 mg
TAB045,PERPHENAZINE,PERPHENAZINE,TAB,4,mg,12,1000,340.00,2027-12-3,MODERN,4 mg
TAB048,TRIFLUOPERAZINE,TRIFLUOPERAZINE,TAB,5,mg,2,1000,551.05,2027-9-9,MODERN,5 mg
TAB049,amitriptyline,amitriptyline,TAB,10,mg,12,500,166.92,2029-1-21,MODERN,10 mg
TAB050,AMITRIPTYLINE,AMITRIPTYLINE,TAB,25,mg,16,500,251.45,2029-1-13,MODERN,25 mg
TAB052,FluOXETINE,FluOXETINE,TAB,20,mg,35,500,226.29,2028-4-29,MODERN,20 mg
TAB054,nortriptyline,nortriptyline,TAB,10,mg,3,1000,450.00,2027-2-3,MODERN,10 mg
TAB055,simethicone,simethicone,TAB,80,mg,20,500,192.60,1930-7-2,MODERN,80 mg
TAB056,DOMPERIDONE,DOMPERIDONE,TAB,10,mg,13,500,84.00,1930-6-11,MODERN,10 mg
TAB057,Hyoscine,Hyoscine,TAB,10,mg,20,500,420.00,2028-3-10,MODERN,10 mg
TAB058,METOCLOPRAMIDE,METOCLOPRAMIDE,TAB,10,mg,5,1000,210.00,2027-8-1,MODERN,10 mg
TAB059,NORFLOXACIN,NORFLOXACIN,TAB,200,MG,5,500,290.00,1930-4-1,MODERN,200 MG
TAB063,OFLOXACIN,OFLOXACIN,TAB,200,MG,26,100,120.00,2028-4-23,MODERN,200 MG
TAB065,ASCORBIC acid,ASCORBIC acid,TAB,100,mg,13,1000,134.75,2028-6-2,MODERN,100 mg
TAB066,VIT_MULTI,VIT_MULTI,TAB,,,18,1000,160.00,2028-3-3,MODERN,
TAB068,VERAPAMIL,VERAPAMIL,TAB,40,mg,48,100,93.00,2028-2-17,MODERN,40 mg
TAB071,THYROXINE ( L ),THYROXINE ( L ),TAB,100,mcg,3,500,175.00,2027-9-16,MODERN,100 mcg
TAB073,THEOPHYLLINE,THEOPHYLLINE,TAB,200,mg,20,100,82.39,2028-2-28,MODERN,200 mg
TAB079,SIMVASTATIN,SIMVASTATIN,TAB,20,mg,109,1000,454.75,2028-4-21,MODERN,20 mg
TAB080,ROXITHROMYCIN,ROXITHROMYCIN,TAB,150,mg,8,100,89.00,2028-4-6,MODERN,150 mg
TAB082,DIGOXIN,DIGOXIN,TAB,0.25,mg,3,1000,320.00,2027-9-25,MODERN,0.25 mg
TAB090,Amirolide+HCTZ,Amirolide+HCTZ,TAB,5,+50 mg,5,500,225.00,2029-11-20,MODERN,5+50 mg
TAB091,Furosemide,Furosemide,TAB,40,mg,44,500,139.10,2028-1-6,MODERN,40 mg
TAB092,HCTZ,HCTZ,TAB,25,mg,5,500,150.00,2026-11-19,MODERN,25 mg
TAB093,FUROSEMIDE,FUROSEMIDE,TAB,500,mg,1,500,995.10,2029-7-2,MODERN,500 mg
TAB094,Atenolol,Atenolol,TAB,50,mg,110,100,16.50,2028-1-20,MODERN,50 mg
TAB095,PROPRANOLOL,PROPRANOLOL,TAB,10,mg,74,500,125.00,2027-1-10,MODERN,10 mg
TAB096,methylDOPa,methylDOPa,TAB,250,mg,13,500,663.40,1930-2-13,MODERN,250 mg
TAB098,CAPTOPRIL,CAPTOPRIL,TAB,25,mg,3,500,700.00,2027-7-20,MODERN,25 mg
TAB100,CALCIUM carbonate,CALCIUM carbonate,TAB,600,mg,657,100,21.40,2029-5-22,MODERN,600 mg
TAB102,Enalapril,Enalapril,TAB,5,mg,161,1000,158.00,2027-6-6,MODERN,5 mg
TAB103,ENALAPRIL maleate,ENALAPRIL maleate,TAB,20,MG,87,1000,255.00,2027-7-4,MODERN,20 MG
TAB104,ISOSORBIDE,ISOSORBIDE,TAB,10,mg,172,100,53.50,2028-3-17,MODERN,10 mg
TAB106,ISDN SL,ISDN SL,TAB,5,mg,10,500,404.46,2028-5-7,MODERN,5 mg
TAB109,AMLODIpine,AMLODIpine,TAB,5,mg,1276,500,100.00,2028-5-11,MODERN,5 mg
TAB112,SALBUTAMOL,SALBUTAMOL,TAB,2,mg,2,1000,119.84,2028-3-25,MODERN,2 mg
TAB113,ACYCLOVIR,ACYCLOVIR,TAB,200,mg,12,100,69.00,1930-5-12,MODERN,200 mg
TAB114,FERROUS fumarate,FERROUS fumarate,TAB,200,mg,113,1000,180.00,2027-5-31,MODERN,200 mg
TAB116,DOXAZOXIN,DOXAZOXIN,TAB,4,mg,204,100,31.03,2028-3-23,MODERN,4 mg
TAB117,Folic acid,Folic acid,TAB,5,mg,122,1000,160.00,2028-5-31,MODERN,5 mg
TAB118,Sodium BICARbonate,Sodium BICARbonate,TAB,300,mg,30,1000,80.25,2029-5-19,MODERN,300 mg
TAB119,Levonorgestrel + EE,Levonorgestrel + EE,TAB,150,+30 mcg,56,28,5.50,1930-2-18,MODERN,150+30 mcg
TAB121,SODIUM VALPROATE CHRONO,SODIUM VALPROATE CHRONO,TAB,500,mg,250,30,250.00,2027-2-28,MODERN,500 mg
TAB125,CPM,CPM,TAB,4,mg,56,1000,32.00,1930-4-17,MODERN,4 mg
TAB127,TRAZODONE,TRAZODONE,TAB,50,mg,17,500,607.00,2028-2-21,MODERN,50 mg
TAB129,DIMENhydinate,DIMENhydinate,TAB,50,mg,30,1000,170.00,2029-6-18,MODERN,50 mg
TAB130,Hydroxyzine,Hydroxyzine,TAB,10,mg,6,1000,110.00,2029-9-13,MODERN,10 mg
TAB132,dextromethopHAN,dextromethopHAN,TAB,15,mg,2,1000,243.00,1930-5-7,MODERN,15 mg
TAB133,PARACETAMOL,PARACETAMOL,TAB,500,MG,129,500,110.00,1930-5-23,MODERN,500 MG
TAB134,Glyceryl guiacolate,Glyceryl guiacolate,TAB,100,mg,92,1000,128.00,2029-4-1,MODERN,100 mg
TAB141,Metformin,Metformin,TAB,500,mg,424,500,103.79,2029-5-8,MODERN,500 mg
TAB142,Glipizide,Glipizide,TAB,5,mg,442,500,52.00,2028-5-9,MODERN,5 mg
TAB144,ERGOtamine+caffeine,ERGOtamine+caffeine,TAB,1,+100 mg,30,10,27.00,2028-3-20,MODERN,1+100 mg
TAB150,METHIMAZOLE,METHIMAZOLE,TAB,5,mg,32,500,350.00,2028-4-22,MODERN,5 mg
TAB151,P T U,P T U,TAB,50,mg,7,500,250.00,2027-11-29,MODERN,50 mg
TAB152,PredniSOLone,PredniSOLone,TAB,5,mg,15,1000,230.00,2029-5-24,MODERN,5 mg
TAB156,NORETHISTERONE,NORETHISTERONE,TAB,5,mg,5,100,126.00,2027-4-30,MODERN,5 mg
TAB157,CARBAMAZEPINE,CARBAMAZEPINE,TAB,200,mg,18,500,490.00,2029-1-8,MODERN,200 mg
TAB158,PHEnobarbital,PHEnobarbital,TAB,60,mg,2,1000,278.20,2027-8-1,MODERN,60 mg
TAB159,PhenytOIN BASE,PhenytOIN BASE,TAB,50,mg,11,250,647.35,2029-10-6,MODERN,50 mg
TAB161,levoDOPa+carbiDOPa,levoDOPa+carbiDOPa,TAB,100,/25 mg,15,100,235.40,2028-6-22,MODERN,100/25 mg
TAB162,BENZHEXOL,BENZHEXOL,TAB,2,mg,13,500,104.81,1930-5-21,MODERN,2 mg
TAB163,CYPROHEPTADINE,CYPROHEPTADINE,TAB,4,mg,1,1000,70.00,1930-1-17,MODERN,4 mg
TAB172,MADOPAR(LevoDOPa+Benserazide),MADOPAR(LevoDOPa+Benserazide),TAB,200,/50 mg,52,100,524.30,2028-5-29,MODERN,200/50 mg
TAB174,WARFARIN 1,WARFARIN 1,TAB,1,mg,72,100,150.00,2027-11-16,MODERN,1 mg
TAB175,WARFARIN 2,WARFARIN 2,TAB,2,mg,70,100,160.00,2028-5-16,MODERN,2 mg
TAB176,WARFARIN 3,WARFARIN 3,TAB,3,mg,30,100,195.00,2028-5-13,MODERN,3 mg
TAB177,WARFARIN 5,WARFARIN 5,TAB,5,MG,35,100,225.00,2028-5-10,MODERN,5 MG
TAB179,Clopidogrel,Clopidogrel,TAB,75,mg,74,100,208.65,2027-2-9,MODERN,75 mg
TAB180,amiodarone 200,amiodarone 200,TAB,200,mg,5,100,358.00,2027-2-28,MODERN,200 mg
TAB183,lamivudine 100,lamivudine 100,TAB,100,mg,20,28,87.36,2027-1-27,MODERN,100 mg
TAB185,Chlorpromazine,Chlorpromazine,TAB,100,mg,8,1000,650.00,2027-11-5,MODERN,100 mg
TAB189,BAClofen,BAClofen,TAB,10,mg,23,200,114.49,2028-3-19,MODERN,10 mg
TAB190,BROmoCRiptine,BROmoCRiptine,TAB,2.5,mg,5,100,640.00,2028-2-27,MODERN,2.5 mg
TAB193,CYCLO progynova,CYCLO progynova,TAB,,,15,21,125.19,2027-6-7,MODERN,
TAB194,LOSARTAN,LOSARTAN,TAB,50,mg,372,300,181.90,2029-6-3,MODERN,50 mg
TAB206,ยาอมมะแว้ง,ยาอมมะแว้ง,TAB,,,21,20,67.00,2028-3-25,MODERN,
TAB210,MECObalamine,MECObalamine,TAB,100,mcg,13,1000,300.00,2027-11-11,MODERN,100mcg
TAB225,EXLUTON,EXLUTON,TAB,0.5,MG,6,28,64.99,2029-3-31,MODERN,0.5MG
TAB231,loratadine,loratadine,TAB,10,mg,3,500,138.00,2029-4-3,MODERN,10 mg
TAB240,MORPHINE SL,MORPHINE SL,TAB,10,mg,53,30,350.00,2027-5-9,MODERN,10 mg
TAB244,Sertraline,Sertraline,TAB,50,mg,15,500,802.50,2028-5-26,MODERN,50 mg
TAB245,misoprostol,misoprostol,TAB,200,mcg,1,140,1231.57,2027-7-31,MODERN,200 mcg
TAB246,aspilets,aspilets,TAB,81,mg,120,1000,145.52,2028-4-30,MODERN,81 mg
TAB247,sodium valproate,sodium valproate,TAB,200,mg,45,100,112.35,2029-1-7,MODERN,200 mg
TAB248,MIANSERIN,MIANSERIN,TAB,30,mg,1,500,2100.00,2027-11-2,MODERN,30mg
TAB250,Carvedilol,Carvedilol,TAB,12.5,mg,20,100,267.00,2027-2-14,MODERN,12.5 mg
TAB251,metoprolol,metoprolol,TAB,100,mg,41,500,202.00,2028-5-26,MODERN,100 mg
TAB252,RISPERIDONE,RISPERIDONE,TAB,2,mg,18,500,1330.00,1930-6-19,MODERN,2 mg
TAB253,AZATHIOPRINE,AZATHIOPRINE,TAB,50,mg,13,100,324.00,2027-7-31,MODERN,50 mg
TAB254,PERPHENazine,PERPHENazine,TAB,8,MG,8,500,280.00,2027-9-19,MODERN,8 MG
TAB255,Hydroxychloroquine sulfate,Hydroxychloroquine sulfate,TAB,200,mg,82,100,450.00,2028-5-6,MODERN,200 mg
TAB256,Sulfasalazine,Sulfasalazine,TAB,500,MG,15,100,210.00,2028-5-21,MODERN,500 MG
TAB257,Methotrexate,Methotrexate,TAB,2.5,MG,15,100,325.00,2029-7-1,MODERN,2.5 MG
TAB260,PYRIDOSTIGMINE,PYRIDOSTIGMINE,TAB,60,mg,10,150,750.00,2028-1-8,MODERN,60 mg
TAB263,FINASTERIDE,FINASTERIDE,TAB,5,mg,85,30,54.00,2027-12-17,MODERN,5 mg
TAB266,risperidone (CL),risperidone (CL),TAB,1,mg,12,500,800.00,2028-1-27,MODERN,1 mg
TAB269,Gemfibrozil,Gemfibrozil,TAB,600,mg,30,500,490.00,2029-5-28,MODERN,600 mg
TAB273,Levonorgestrel (2's),Levonorgestrel (2's),TAB,750,mcg,8,1,20.00,2029-1-31,MODERN,750 mcg
TAB275,LAMOTRIGINE,LAMOTRIGINE,TAB,50,mg,20,30,285.00,2028-3-20,MODERN,50 mg
TAB276,TENOFOVIR,TENOFOVIR,TAB,300,mg,10,30,150.00,2025-9-12,MODERN,300 mg
TAB277,montelukast,montelukast,TAB,10,mg,100,28,128.00,2027-4-4,MODERN,10 mg
TAB280,Alfuzosin,Alfuzosin,TAB,10,mg,40,30,154.08,2028-4-24,MODERN,10 mg
TAB281,Topiramate,Topiramate,TAB,50,mg,5,60,510.00,2028-3-26,MODERN,50 mg
TAB283,Ciprofloxacin,Ciprofloxacin,TAB,250,mg,20,100,80.00,2028-4-10,MODERN,250 mg
TAB286,Levetiracetam,Levetiracetam,TAB,500,mg,40,60,190.00,2028-6-24,MODERN,500 mg
TAB288,Amoxicilin+Clavulanic,Amoxicilin+Clavulanic,TAB,625,,47,100,320.00,2026-12-31,MODERN,625
TAB292,Pioglitazone hydrochloride,Pioglitazone hydrochloride,TAB,15,mg,145,100,53.00,2028-2-1,MODERN,15 mg
TAB294,Benzbromarone,Benzbromarone,TAB,100,mg,4,100,760.00,2027-12-12,MODERN,100 mg
TAB295,Triferdine(Iodine.015+folic0.4+iron60.81),Triferdine(Iodine.015+folic0.4+iron60.81),TAB,,,273,1,35.31,2028-11-10,MODERN,
TAB297,Daflon(diosmin+hesperidin)daflon,Daflon(diosmin+hesperidin)daflon,TAB,500,mg,15,300,900.00,2028-3-13,MODERN,500 mg
TAB298,EntaCAPone,EntaCAPone,TAB,200,mg,1,100,3284.90,2027-9-10,MODERN,200 mg
TAB299,ASA,ASA,TAB,325,mg,2,500,353.10,2026-10-2,MODERN,325 mg
TAB300,Betahistine,Betahistine,TAB,12,mg,69,100,120.00,2028-5-23,MODERN,12 mg
TAB302,Atorvastatin,Atorvastatin,TAB,40,mg,1635,30,35.80,2028-5-31,MODERN,40 mg
TAB303,Diltiazem SR,Diltiazem SR,TAB,120,mg,4,60,181.90,2028-1-10,MODERN,120 mg
TAB304,Spironolactone,Spironolactone,TAB,25,mg,22,500,300.00,2028-5-23,MODERN,25 mg
TAB306,Manidipine,Manidipine,TAB,20,mg,50,100,104.00,2028-6-25,MODERN,20 mg
TAB307,Naproxen,Naproxen,TAB,250,mg,1,500,535.00,2028-4-28,MODERN,250 mg
TAB309,Tolperisone,Tolperisone,TAB,50,mg,21,1000,300.00,2029-6-13,MODERN,50 mg
TAB315,Morphine IR,Morphine IR,TAB,10,mg,6,100,190.00,2026-9-22,MODERN,10 mg
TAB317,NIfedipine20mg,NIfedipine20mg,TAB,20,mg,3,100,80.00,2026-4-22,MODERN,20 mg
TAB319,Zinc TAB,Zinc TAB,TAB,25,mg,1,500,802.50,2028-4-8,MODERN,25 mg
TAB320,Levofloxacin,Levofloxacin,TAB,500,mg,1,100,400.00,2027-7-17,MODERN,500 mg
TAB324,Lercanidipine,Lercanidipine,TAB,20,mg,25,28,79.18,2027-10-31,MODERN,20 mg
TAB325,Ticagrelor,Ticagrelor,TAB,90,mg,15,60,599.20,2027-9-30,MODERN,90 mg
TAB326,Bisoprolol,Bisoprolol,TAB,2.5,mg,60,100,150.00,2028-5-22,MODERN,2.5 mg
TAB327,Sitagliptin phosphate,Sitagliptin phosphate,TAB,100,mg,20,30,406.60,2026-6-21,MODERN,100 mg
TAB329,Dexamethasone,Dexamethasone,TAB,0.5,mg,3,1000,128.67,2027-5-25,MODERN,0.5 mg
TAB330,Etoricoxib,Etoricoxib,TAB,90,mg,33,25,144.45,2026-10-21,MODERN,90 mg
TAB332,Ivermectin,Ivermectin,TAB,6,mg,4,12,960.00,2028-11-14,MODERN,6 mg
TAB335,Favipiravir(Avigen),Favipiravir(Avigen),TAB,200,mg,14,50,535.00,2027-6-13,MODERN,200 mg
TAB338,Ketoconazole,Ketoconazole,TAB,200,mg,2,100,101.00,,MODERN,200 mg
TAB340,Potassium Chloride(EC),Potassium Chloride(EC),TAB,500,mg,3,500,428.00,2027-8-8,MODERN,500 mg
TAB342,Methylphenidate(Ritalin),Methylphenidate(Ritalin),TAB,10,mg,86,100,200.00,2027-8-1,MODERN,10 mg
TAB344,Ezetimibe(Ezetrol),Ezetimibe(Ezetrol),TAB,10,mg,80,30,89.88,2028-3-5,MODERN,10 mg
TAB345,Medroxyprogesterone(Provera),Medroxyprogesterone(Provera),TAB,10,mg,1,100,1380.30,2025-9-30,MODERN,10 mg
TAB346,Zolpidem,Zolpidem,TAB,10,mg,7,20,60.00,2027-9-30,MODERN,10 mg
TAB347,Aripiprazole(Abilify),Aripiprazole(Abilify),TAB,10,mg,2,30,3819.90,2027-5-31,MODERN,10 mg
TAB348,Escitalopram(Lexapro),Escitalopram(Lexapro),TAB,20,mg,2,28,606.69,2026-2-1,MODERN,20 mg
TAB349,Febuxostat,Febuxostat,TAB,80,mg,4,30,790.00,2027-1-20,MODERN,80 mg
TAB350,Quetiapine fumarate,Quetiapine fumarate,TAB,200,mg,30,30,428.00,2026-3-31,MODERN,200 mg
TAB355,TAF(Tenofovir alafenamide)Mytaff,TAF(Tenofovir alafenamide)Mytaff,TAB,25,mg,162,30,240.00,2028-1-31,MODERN,25 mg
TUR001,Symbicort60dose(Formoterol+Budesonide),Symbicort60dose(Formoterol+Budesonide),TUR,4.5,+160 mcg,40,1,409.81,2026-9-30,MODERN,4.5+160 mcg